<?xml version="1.0" encoding="UTF-8"?>
<!DOCTYPE hibernate-configuration PUBLIC
"-//Hibernate/Hibernate Configuration DTD 3.0//EN"
"http://www.hibernate.org/dtd/hibernate-configuration-3.0.dtd">
 <hibernate-configuration>
    <session-factory>
        <property name="hibernate.connection.driver_class">com.mysql.cj.jdbc.Driver</property>
        <property name="hibernate.connection.url">jdbc:mysql://localhost:3306/studentmangementsys</property>
        <property name="hibernate.connection.username">root</property>
        <property name="hibernate.connection.password">system22</property>
        <property name="hibernate.dialect">org.hibernate.dialect.MySQL8Dialect</property>
        <property name="hibernate.show_sql">true</property>
        <property name="hibernate.hbm2ddl.auto">update</property> <!-- Use 'update' to auto-create or modify tables -->

        <!-- Entity Mapping -->
        <mapping class="student.studentmanagementsystem.entity.Admin"/>
        <mapping class="student.studentmanagementsystem.entity.User"/>
        <mapping class="student.studentmanagementsystem.entity.Course"/>
        <mapping class="student.studentmanagementsystem.entity.Department"/>
        <mapping class="student.studentmanagementsystem.entity.Faculty"/>
        <mapping class="student.studentmanagementsystem.entity.Student"/>
        <mapping class="student.studentmanagementsystem.entity.Subject"/>
    </session-factory>
</hibernate-configuration>
